	R0_min	infectious_period_average_days	lethality_rate	incubation_period_days_min
R0_min	1.0	0.005118657139160697	-0.2967504812810502	0.7426365181268353
infectious_period_average_days	0.005118657139160697	1.0	0.18536966727361434	0.5283374598066222
lethality_rate	-0.2967504812810502	0.18536966727361434	1.0	-0.1287887884930475
incubation_period_days_min	0.7426365181268353	0.5283374598066222	-0.1287887884930475	1.0
