	PC1	PC2	PC3	PC4
R0_min	0.6033707352921918	-0.30358583133233724	0.45847031028914526	-0.5775676353385704
infectious_period_average_days	0.34235379391821785	0.6673756392630334	-0.5213255349080737	-0.4069684540119415
lethality_rate	-0.21387679322486092	0.6652532025931982	0.7153088940700858	-0.005299039872766739
incubation_period_days_min	0.6877458490624365	0.14100913293827233	0.07973611039181383	0.7076469629871722
