pandemic	R0_min	infectious_period_average_days	lethality_rate	incubation_period_days_min
no	1.2414285714285713	11.614285714285714	0.30000428571428567	2.8000000000000003
yes	3.4642857142857144	7.3999999999999995	0.11014285714285714	3.8285714285714287
