	PC1	PC2	PC3	PC4	PC5
R0_min	0.6419705769795124	-0.0157368961867837	-0.10878156004579878	-0.4651353691065786	-0.5995346436954975
infectious_period_average_days	0.059907843678000616	0.7860331605975104	0.018541077572896563	0.5047059995951941	-0.3514128670410236
lethality_rate	-0.3121177699195175	0.27949032652540035	0.7563764427008484	-0.4930467594692456	-0.09626642708274469
incubation_period_days_min	0.6334140346858165	0.29457202291756623	0.1976361100670968	-0.06448629907861167	0.684686402089291
permanent_immunity	0.2926670239742534	-0.4658505138265626	0.6137242422792127	0.5307234238157592	-0.19749560424896825
