	R0_min	infectious_period_average_days	lethality_rate	incubation_period_days_min	permanent_immunity
R0_min	1.0	-0.06758258494292212	-0.3463042450702857	0.7812841453124348	0.18379338873012332
infectious_period_average_days	-0.06758258494292212	1.0	0.12264115238847005	0.3535869994640504	-0.27810729089774905
lethality_rate	-0.3463042450702857	0.12264115238847005	1.0	-0.12981542686784012	-0.06881578508809835
incubation_period_days_min	0.7812841453124348	0.3535869994640504	-0.12981542686784012	1.0	0.2758909875793982
permanent_immunity	0.18379338873012332	-0.27810729089774905	-0.06881578508809835	0.2758909875793982	1.0
